date,solar,wind_onshore,wind_offshore
2015-01-01,17098,251107,8667
2015-01-02,7757,593022,10533
2015-01-03,7237,450829,12125
2015-01-04,19982,373525,11500
2015-01-05,26522,209086,7454
2015-01-06,32888,110037,7190
2015-01-07,17114,216457,10746
2015-01-08,8599,427995,12320
2015-01-09,6822,632986,8744
2015-01-10,20473,628324,6349
2015-01-11,19811,620644,9734
2015-01-12,11025,620270,11562
2015-01-13,50283,502957,8772
2015-01-14,18106,397681,9300
2015-01-15,17155,544353,12121
2015-01-16,22818,238868,10457
2015-01-17,21405,126199,11517
2015-01-18,31259,122394,4820
2015-01-19,23681,31123,499
2015-01-20,10791,15412,1327
2015-01-21,22120,48051,2339
2015-01-22,12119,61110,1184
2015-01-23,7015,33712,4877
2015-01-24,9834,145114,11878
2015-01-25,11570,103288,8420
2015-01-26,10596,216961,14631
2015-01-27,17573,257659,10973
2015-01-28,16581,427861,13836
2015-01-29,27784,389987,10419
2015-01-30,13463,87912,1655
2015-01-31,20211,132018,1937
2015-02-01,24680,115581,6234
2015-02-02,20268,189232,8171
2015-02-03,27530,89645,7507
2015-02-04,31951,37449,2767
2015-02-05,29040,122052,5466
2015-02-06,46341,166694,1851
2015-02-07,46829,269859,14363
2015-02-08,52428,389393,16031
2015-02-09,15049,365348,17160
2015-02-10,24126,135818,9981
2015-02-11,28011,25433,721
2015-02-12,40588,23499,976
2015-02-13,64531,87751,8353
2015-02-14,67185,106444,10783
2015-02-15,60940,185413,17432
2015-02-16,60863,192126,12411
2015-02-17,40310,60045,4903
2015-02-18,40084,118750,15509
2015-02-19,62936,225173,17889
2015-02-20,79745,320733,11547
2015-02-21,49620,266487,4345
2015-02-22,52148,148093,14886
2015-02-23,28047,348762,17003
2015-02-24,50806,299262,18294
2015-02-25,72249,100087,6959
2015-02-26,106263,167158,10345
2015-02-27,65845,130750,5371
2015-03-01,36689,430394,19541
2015-03-02,65601,492053,18421
2015-03-03,101146,415401,15449
2015-03-04,70464,360881,18940
2015-03-05,68653,153254,11569
2015-03-06,65591,121406,16297
2015-03-07,114555,248948,20253
2015-03-08,134967,184409,18107
2015-03-09,118812,66175,8306
2015-03-10,97029,129340,16188
2015-03-11,114654,119280,4955
2015-03-12,104666,68485,5943
2015-03-13,85052,137272,16054
2015-03-14,41484,129673,17545
2015-03-15,63374,223474,19837
2015-03-16,117274,313330,21391
2015-03-17,131460,175066,11854
2015-03-18,149835,111503,2434
2015-03-19,135883,39112,5894
2015-03-20,123325,28754,7207
2015-03-21,75309,146996,17025
2015-03-22,87082,127124,4967
2015-03-23,113186,52200,14701
2015-03-24,117003,22272,1292
2015-03-25,97624,133568,8456
2015-03-26,38512,107208,13063
2015-03-27,76243,211217,8078
2015-03-28,115419,196568,18016
2015-03-29,37867,489048,22226
2015-03-30,90400,485472,27671
2015-03-31,69417,603160,21514
2015-04-01,98713,546519,24537
2015-04-02,81689,397009,21494
2015-04-03,140233,153883,7562
2015-04-04,96847,82052,6610
2015-04-05,151390,69869,2467
2015-04-06,111568,75776,1164
2015-04-07,159792,146197,9646
2015-04-08,125823,72569,6210
2015-04-09,175447,24328,375
2015-04-10,180738,42802,2071
2015-04-11,112848,331209,20588
2015-04-12,159131,273150,27183
2015-04-13,144957,317312,17481
2015-04-14,168193,190797,26084
2015-04-15,193769,265788,24737
2015-04-16,147322,125475,11672
2015-04-17,104330,135277,16383
2015-04-18,169880,76060,8718
2015-04-19,198883,46492,4606
2015-04-20,205496,107296,6083
2015-04-21,206990,207834,20206
2015-04-22,160094,88227,17525
2015-04-23,175935,47429,4593
2015-04-24,199568,53223,5863
2015-04-25,94440,127188,23086
2015-04-26,128816,64337,2798
2015-04-27,115393,125961,7845
2015-04-28,106756,117576,16410
2015-04-29,188720,131142,22147
2015-04-30,131623,139740,10946
2015-05-01,103280,59475,4359
2015-05-02,143596,36976,3343
2015-05-03,88596,201837,27968
2015-05-04,138406,174566,23185
2015-05-05,107216,345675,34888
2015-05-06,145295,272666,33086
2015-05-07,162956,238138,22352
2015-05-08,176128,45549,6991
2015-05-09,113681,255662,34347
2015-05-10,181403,221820,18900
2015-05-11,189041,141322,24353
2015-05-12,161220,256382,23781
2015-05-13,177509,194397,29365
2015-05-14,145417,67517,10121
2015-05-15,145868,51104,4027
2015-05-16,138180,173776,19434
2015-05-17,149478,207277,20638
2015-05-18,182097,139434,17523
2015-05-19,125100,223567,17643
2015-05-20,105493,81472,11334
2015-05-21,140320,62730,6522
2015-05-22,176993,31316,10097
2015-05-23,119796,63176,7675
2015-05-24,143267,16468,5969
2015-05-25,113395,67441,6641
2015-05-26,110496,126857,20477
2015-05-27,117912,113912,11371
2015-05-28,165645,227019,29656
2015-05-29,147592,143876,20989
2015-05-30,140754,224915,29929
2015-05-31,155474,253246,30411
2015-06-01,132070,125807,21571
2015-06-02,154353,447371,31143
2015-06-03,177704,292002,24338
2015-06-04,218298,53447,2698
2015-06-05,216421,137325,19811
2015-06-06,181010,159215,24872
2015-06-07,186590,92096,17140
2015-06-08,119035,143637,16468
2015-06-09,97876,96104,10707
2015-06-10,143396,74916,9792
2015-06-11,172319,53804,4949
2015-06-12,199815,46991,9432
2015-06-13,143342,120335,23469
2015-06-14,166148,99970,14379
2015-06-15,133095,93783,18998
2015-06-16,137920,77294,13038
2015-06-17,192865,95405,32247
2015-06-18,87712,189259,34698
2015-06-19,104664,183735,34922
2015-06-20,107569,122156,13330
2015-06-21,107639,68456,11607
2015-06-22,90985,116841,5719
2015-06-23,126520,180323,26861
2015-06-24,132832,152513,24857
2015-06-25,175959,40345,2341
2015-06-26,157911,28890,2976
2015-06-27,112503,159001,7766
2015-06-28,186138,51531,11869
2015-06-29,182150,47612,4879
2015-06-30,207982,44756,2474
2015-07-01,217832,130039,28782
2015-07-02,212962,183815,34974
2015-07-03,189464,66680,4954
2015-07-04,196262,73117,9773
2015-07-05,174593,89161,8363
2015-07-06,190646,148364,24939
2015-07-07,184436,102877,17593
2015-07-08,127195,373024,45879
2015-07-09,137695,369418,49305
2015-07-10,200968,198611,19177
2015-07-11,193951,44142,5878
2015-07-12,140937,104768,12105
2015-07-13,75684,110397,2174
2015-07-14,108585,113350,2578
2015-07-15,162621,43307,6861
2015-07-16,183514,34674,8282
2015-07-17,168475,148444,39067
2015-07-18,148598,123925,26658
2015-07-19,108779,129031,18571
2015-07-20,145536,101481,15065
2015-07-21,172691,161050,36291
2015-07-22,165599,73292,13801
2015-07-23,132930,65066,9776
2015-07-24,169178,94801,14078
2015-07-25,135592,424367,37606
2015-07-26,177348,215969,25149
2015-07-27,113896,264479,26507
2015-07-28,123037,389526,37814
2015-07-29,118724,352203,49384
2015-07-30,151513,318673,52213
2015-07-31,188270,103681,23984
2015-08-01,157700,56736,4440
2015-08-02,183835,42605,4260
2015-08-03,203407,104974,22892
2015-08-04,139900,148114,14774
2015-08-05,194809,57658,11031
2015-08-06,190601,77607,17081
2015-08-07,176366,70614,2501
2015-08-08,157084,118683,7751
2015-08-09,171796,67442,2887
2015-08-10,149191,74598,2607
2015-08-11,166507,75781,4092
2015-08-12,154924,70459,7373
2015-08-13,182841,175193,35589
2015-08-14,146497,157441,30890
2015-08-15,121588,57007,8656
2015-08-16,56385,77768,20843
2015-08-17,49826,117589,24909
2015-08-18,94327,82119,22738
2015-08-19,104522,26091,6921
2015-08-20,123531,26177,4367
2015-08-21,173468,45713,9487
2015-08-22,186346,105761,24001
2015-08-23,171318,251248,49418
2015-08-24,120086,226731,31737
2015-08-25,127302,344082,51533
2015-08-26,180244,236889,51983
2015-08-27,119737,178833,40158
2015-08-28,107130,63282,23337
2015-08-29,172192,28314,11259
2015-08-30,162397,40930,6255
2015-08-31,166718,84347,16992
2015-09-01,94596,173412,47909
2015-09-02,120104,130051,54884
2015-09-03,91535,61956,51357
2015-09-04,123201,205407,35354
2015-09-05,95645,400657,46201
2015-09-06,97600,440667,40413
2015-09-07,89035,126110,21213
2015-09-08,117964,68816,9848
2015-09-09,142309,90497,5421
2015-09-10,141593,132786,19294
2015-09-11,138018,112140,30398
2015-09-12,131438,120983,27817
2015-09-13,96790,119039,18841
2015-09-14,70733,202785,26233
2015-09-15,95003,299222,53193
2015-09-16,70323,281934,37890
2015-09-17,76106,385485,52591
2015-09-18,111529,157420,22728
2015-09-19,105754,72379,13101
2015-09-20,90976,142901,23930
2015-09-21,133641,74869,21650
2015-09-22,66471,147685,23460
2015-09-23,64206,76422,2862
2015-09-24,99774,158351,37027
2015-09-25,104588,54257,22872
2015-09-26,94860,61472,6596
2015-09-27,130185,84884,6636
2015-09-28,130786,88458,2225
2015-09-29,142000,168026,2251
2015-09-30,159770,140372,2275
2015-10-01,169808,97866,4461
2015-10-02,160640,76055,5174
2015-10-03,134111,51641,6482
2015-10-04,72106,48644,6328
2015-10-05,101552,112666,28041
2015-10-06,56156,229723,59399
2015-10-07,37457,157906,38233
2015-10-08,44709,36847,14007
2015-10-09,60436,43831,6935
2015-10-10,72661,168700,29603
2015-10-11,111138,267209,57595
2015-10-12,119868,168069,47888
2015-10-13,44311,83728,43317
2015-10-14,22927,75809,56860
2015-10-15,13683,117633,57365
2015-10-16,16655,32586,52926
2015-10-17,30162,10272,14911
2015-10-18,29223,18937,12919
2015-10-19,37180,16668,4103
2015-10-20,35198,26515,2109
2015-10-21,42148,87552,42399
2015-10-22,36772,207672,54951
2015-10-23,62100,139941,29742
2015-10-24,65286,99511,42363
2015-10-25,40375,82713,24817
2015-10-26,77658,119540,22547
2015-10-27,64450,136509,26204
2015-10-28,50587,124888,37501
2015-10-29,30311,25205,5768
2015-10-30,34647,67385,23754
2015-10-31,72032,158281,29723
2015-11-01,87094,75288,2650
2015-11-02,80939,33662,2875
2015-11-03,79489,23612,4083
2015-11-04,60406,75457,12795
2015-11-05,67524,78157,26760
2015-11-06,40382,178140,40098
2015-11-07,28781,297809,52566
2015-11-08,68161,269237,47849
2015-11-09,33545,513286,65404
2015-11-10,33652,519766,67001
2015-11-11,44772,317393,67615
2015-11-12,47088,225160,58501
2015-11-13,36628,405356,63511
2015-11-14,41391,516690,59142
2015-11-15,21279,508145,22642
2015-11-16,45787,376464,57434
2015-11-17,15270,443812,49805
2015-11-18,42716,630830,58294
2015-11-19,30484,600817,53469
2015-11-20,12020,274666,31486
2015-11-21,28131,156477,39171
2015-11-22,22312,241015,54031
2015-11-23,26796,124791,31134
2015-11-24,37326,352687,55461
2015-11-25,11466,148665,26601
2015-11-26,23362,71969,25391
2015-11-27,32101,188559,60428
2015-11-28,17985,430996,63209
2015-11-29,7669,645215,51422
2015-11-30,11927,552236,44924
2015-12-01,14226,356509,46932
2015-12-02,11215,285696,58580
2015-12-03,32060,222185,57980
2015-12-04,18360,449631,60308
2015-12-05,37128,537342,47387
2015-12-06,39066,547740,41889
2015-12-07,37846,103531,12349
2015-12-08,42706,187291,29149
2015-12-09,21604,246415,33577
2015-12-10,38635,348956,34780
2015-12-11,21610,468028,51460
2015-12-12,25050,374303,47942
2015-12-13,23286,265609,22481
2015-12-14,27409,91125,18884
2015-12-15,18889,64439,17440
2015-12-16,11902,200992,52010
2015-12-17,14894,289965,58177
2015-12-18,13019,269714,58309
2015-12-19,28491,253939,61441
2015-12-20,31769,305478,65408
2015-12-21,13837,522496,60888
2015-12-22,26539,576733,61776
2015-12-23,28189,489011,63039
2015-12-24,36869,386639,63847
2015-12-25,32056,361513,58993
2015-12-26,43836,551345,57030
2015-12-27,38624,390049,50349
2015-12-28,41697,165534,40655
2015-12-29,32623,250692,54230
2015-12-30,27269,260869,55811
2015-12-31,20226,246764,59689
2016-01-01,18562,86844,20362
2016-01-02,9403,344295,65321
2016-01-03,13519,343441,62854
2016-01-04,10080,214706,63753
2016-01-05,12550,144357,62108
2016-01-06,12591,93727,62318
2016-01-07,14636,249385,64215
2016-01-08,40972,419293,41581
2016-01-09,23890,167080,38550
2016-01-10,18898,286393,58084
2016-01-11,10178,170220,29658
2016-01-12,15134,283858,25298
2016-01-13,12163,314510,26287
2016-01-14,44550,210375,26552
2016-01-15,8690,131899,18673
2016-01-16,8773,113406,28328
2016-01-17,8731,82933,20413
2016-01-18,19422,60048,29916
2016-01-19,20782,131502,38075
2016-01-20,14240,101605,13084
2016-01-21,19336,30802,16427
2016-01-22,35198,158518,48261
2016-01-23,10633,242566,37271
2016-01-24,17407,199643,57051
2016-01-25,33783,250052,56476
2016-01-26,41685,422311,62355
2016-01-27,24515,602680,56879
2016-01-28,36616,399082,64689
2016-01-29,49518,586575,63766
2016-01-30,27900,608651,65159
2016-01-31,19956,432680,57347
2016-02-01,14782,517900,49917
2016-02-02,25385,647457,48367
2016-02-03,30858,472801,62169
2016-02-04,15194,328538,35870
2016-02-05,22661,222029,47976
2016-02-06,60224,347851,64274
2016-02-07,38073,449875,66091
2016-02-08,32279,686321,65335
2016-02-09,22971,568717,45651
2016-02-10,28391,368737,34122
2016-02-11,44044,294109,27112
2016-02-12,66407,81226,3262
2016-02-13,49371,141113,28807
2016-02-14,26907,214387,66020
2016-02-15,23473,172017,41606
2016-02-16,47476,63632,14029
2016-02-17,44221,154010,43763
2016-02-18,63591,56763,24915
2016-02-19,35427,95106,29285
2016-02-20,17517,538036,69047
2016-02-21,22521,585831,55946
2016-02-22,49993,472810,65692
2016-02-23,37724,233976,60014
2016-02-24,74176,206220,45526
2016-02-25,60549,131847,33444
2016-02-26,77858,78276,9874
2016-02-27,110024,114237,751
2016-02-28,71204,180431,7214
2016-02-29,42625,240013,5903
2016-03-01,47753,194683,52681
2016-03-02,33768,330406,29469
2016-03-03,52007,96088,9400
2016-03-04,74040,243609,38777
2016-03-05,41605,70706,13274
2016-03-06,49202,110080,11262
2016-03-07,72460,49480,8938
2016-03-08,76197,61157,12560
2016-03-09,119005,201356,40742
2016-03-10,96564,105940,20150
2016-03-11,67947,84982,8180
2016-03-12,62819,83190,5517
2016-03-13,60254,132946,3093
2016-03-14,133963,88899,3352
2016-03-15,35237,146595,17424
2016-03-16,108365,248037,11192
2016-03-17,157923,68932,13731
2016-03-18,111763,102600,31402
2016-03-19,74605,89311,39316
2016-03-20,63358,226614,53537
2016-03-21,62178,259128,58084
2016-03-22,69934,146169,29141
2016-03-23,62736,116769,22900
2016-03-24,72096,65666,13244
2016-03-25,34324,156139,23279
2016-03-26,126358,200220,46034
2016-03-27,88524,333031,58763
2016-03-28,93273,432522,64257
2016-03-29,106981,367739,44963
2016-03-30,70167,249105,47856
2016-03-31,89113,103147,12120
2016-04-01,105308,86099,10450
2016-04-02,141475,154445,20612
2016-04-03,124608,82672,21078
2016-04-04,114059,107096,31176
2016-04-05,96945,122781,21676
2016-04-06,111125,359008,55328
2016-04-07,95056,283238,62561
2016-04-08,112626,74941,13328
2016-04-09,114944,58812,18058
2016-04-10,128074,119469,36526
2016-04-11,159552,170350,57915
2016-04-12,125520,64982,31360
2016-04-13,104907,43719,4373
2016-04-14,124877,54726,2343
2016-04-15,77282,211926,4455
2016-04-16,94122,284207,37532
2016-04-17,87317,143688,46873
2016-04-18,119691,198946,55811
2016-04-19,127560,340298,55757
2016-04-20,191031,159500,22014
2016-04-21,208665,86099,15858
2016-04-22,171324,118509,31003
2016-04-23,89697,165497,31783
2016-04-24,136642,156455,17770
2016-04-25,119733,239357,18945
2016-04-26,96569,256215,14400
2016-04-27,106074,347952,42850
2016-04-28,146864,167434,16612
2016-04-29,161031,247087,57592
2016-04-30,156374,122177,28056
2016-05-01,147930,177828,2043
2016-05-02,197182,55825,26062
2016-05-03,139147,187669,24723
2016-05-04,174185,79882,5080
2016-05-05,212709,128697,21925
2016-05-06,217568,210214,45359
2016-05-07,215961,265390,49968
2016-05-08,217819,339914,53206
2016-05-09,207426,309194,51794
2016-05-10,157712,212775,45890
2016-05-11,180637,250119,54319
2016-05-12,129860,277926,41750
2016-05-13,135923,184843,32092
2016-05-14,132007,332322,54862
2016-05-15,130936,336757,54931
2016-05-16,115657,229171,35108
2016-05-17,113155,168472,24905
2016-05-18,151709,77705,11241
2016-05-19,119795,54146,5930
2016-05-20,144399,149612,29587
2016-05-21,186838,108028,25484
2016-05-22,185446,201221,16546
2016-05-23,83885,148830,30268
2016-05-24,57672,150837,29069
2016-05-25,100660,24698,2368
2016-05-26,169095,20163,1532
2016-05-27,143398,32869,4401
2016-05-28,160592,69575,15894
2016-05-29,124928,127405,35700
2016-05-30,121134,189884,56139
2016-05-31,141404,63163,27737
2016-06-01,0,14701,7310
2016-06-02,119310,63437,44925
2016-06-03,135724,86195,15873
2016-06-04,163819,47277,6971
2016-06-05,169853,40895,10133
2016-06-06,217346,65887,3670
2016-06-07,214922,43332,5207
2016-06-08,160812,124352,38380
2016-06-09,155674,80689,20021
2016-06-10,221338,117144,24439
2016-06-11,135321,37762,6090
2016-06-12,120639,62573,22414
2016-06-13,116433,74750,30900
2016-06-14,135292,56412,10144
2016-06-15,142055,51798,626
2016-06-16,136232,30879,180
2016-06-17,117880,153780,7386
2016-06-18,166885,118523,22940
2016-06-19,138536,66990,20360
2016-06-20,185490,179836,45776
2016-06-21,131174,90108,5467
2016-06-22,185633,44158,10499
2016-06-23,229710,131999,17945
2016-06-24,198066,84901,15554
2016-06-25,134966,124690,6863
2016-06-26,160405,144871,22705
2016-06-27,168831,143910,29315
2016-06-28,177453,62440,10970
2016-06-29,181575,201032,32839
2016-06-30,123377,130760,20892
2016-07-01,167248,207321,45665
2016-07-02,105328,213075,54088
2016-07-03,161292,144097,40701
2016-07-04,183603,46780,9069
2016-07-05,166121,293689,43378
2016-07-06,182117,374259,56270
2016-07-07,217734,80268,32723
2016-07-08,170852,193411,36637
2016-07-09,180402,172714,29551
2016-07-10,213022,142020,47064
2016-07-11,167828,272361,57834
2016-07-12,118016,125060,24756
2016-07-13,123384,60190,6177
2016-07-14,117362,253172,50972
2016-07-15,128878,243416,44536
2016-07-16,157542,95689,30621
2016-07-17,140821,90790,14770
2016-07-18,185380,87597,15549
2016-07-19,208662,38999,4445
2016-07-20,222211,101932,37263
2016-07-21,139662,76323,6525
2016-07-22,172879,59259,9725
2016-07-23,138542,35681,3553
2016-07-24,164700,16483,659
2016-07-25,159505,32598,13305
2016-07-26,151567,35056,4049
2016-07-27,145017,69132,17375
2016-07-28,143426,45261,3023
2016-07-29,149904,117321,8138
2016-07-30,163955,98902,10053
2016-07-31,96642,61294,9032
2016-08-01,171734,111150,25007
2016-08-02,82123,83492,7795
2016-08-03,101857,225755,49820
2016-08-04,136501,185375,52331
2016-08-05,104522,109572,26521
2016-08-06,141835,135687,26460
2016-08-07,197997,158079,61368
2016-08-08,172574,280665,69369
2016-08-09,110428,131368,59944
2016-08-10,127444,127064,51790
2016-08-11,145305,170483,23203
2016-08-12,63615,150696,39819
2016-08-13,175707,216898,46718
2016-08-14,166927,79954,18463
2016-08-15,173784,58966,6105
2016-08-16,183883,58043,5268
2016-08-17,188173,41371,4165
2016-08-18,161677,38925,8881
2016-08-19,165880,42362,8205
2016-08-20,110687,111430,36174
2016-08-21,125985,206833,39921
2016-08-22,125144,145237,34054
2016-08-23,172381,54803,4665
2016-08-24,195918,101407,18977
2016-08-25,198825,169819,11284
2016-08-26,191760,107739,18841
2016-08-27,185592,76741,14550
2016-08-28,162508,175438,40040
2016-08-29,109679,189564,39198
2016-08-30,178615,68097,18592
2016-08-31,188216,53879,8291
2016-09-01,147093,64270,13675
2016-09-02,164305,68162,36388
2016-09-03,136417,96109,13328
2016-09-04,77086,250789,21518
2016-09-05,92803,130600,6530
2016-09-06,159639,41336,10138
2016-09-07,178171,73952,4379
2016-09-08,177842,97143,17194
2016-09-09,154788,51738,10522
2016-09-10,162473,40576,19248
2016-09-11,146757,53067,18512
2016-09-12,164413,78298,12261
2016-09-13,163844,133806,27891
2016-09-14,161392,179622,45844
2016-09-15,153040,216134,47712
2016-09-16,99220,71468,15909
2016-09-17,49467,162221,20041
2016-09-18,64651,165876,20308
2016-09-19,60987,52434,3115
2016-09-20,79435,20115,4047
2016-09-21,130512,34626,3694
2016-09-22,147499,22484,8851
2016-09-23,123528,59862,14389
2016-09-24,147245,67809,23960
2016-09-25,153540,134854,41426
2016-09-26,110893,46243,3304
2016-09-27,123618,58227,32733
2016-09-28,101625,390735,72372
2016-09-29,127189,441280,73044
2016-09-30,87732,162301,61374
2016-10-01,65261,100690,10411
2016-10-02,69868,170908,12526
2016-10-03,66692,142989,50572
2016-10-04,77489,305207,58025
2016-10-05,108609,317105,57976
2016-10-06,28994,277534,59021
2016-10-07,43969,109116,38117
2016-10-08,56457,104464,32128
2016-10-09,68377,39412,24605
2016-10-10,64502,17282,18349
2016-10-11,48411,113321,64874
2016-10-12,47961,130584,66874
2016-10-13,53253,267165,64475
2016-10-14,69782,345609,73392
2016-10-15,55678,159511,50843
2016-10-16,97233,88947,36395
2016-10-17,46779,104500,28094
2016-10-18,42428,124770,39730
2016-10-19,38170,184393,21413
2016-10-20,38409,88975,55809
2016-10-21,28980,64926,58103
2016-10-22,42323,38217,36403
2016-10-23,60489,52405,20450
2016-10-24,34941,77217,34328
2016-10-25,24538,37079,5478
2016-10-26,35895,39984,38314
2016-10-27,46405,140728,54145
2016-10-28,0,17779,5075
2016-10-29,49990,224760,48860
2016-10-30,65403,87708,7662
2016-10-31,62067,46296,10886
2016-11-01,53600,178954,67687
2016-11-02,39838,369823,55773
2016-11-03,50599,95622,22061
2016-11-04,46151,202759,54125
2016-11-05,18559,160369,21834
2016-11-06,23131,160547,41126
2016-11-07,22875,110930,52214
2016-11-08,27261,96673,17512
2016-11-09,37869,113141,14867
2016-11-10,19280,109995,21254
2016-11-11,21117,91432,19492
2016-11-12,33755,65798,52540
2016-11-13,45871,126797,34114
2016-11-14,67959,203497,64734
2016-11-15,15413,337775,45738
2016-11-16,11124,334045,55635
2016-11-17,22818,462739,68228
2016-11-18,26504,559481,70985
2016-11-19,15963,334617,69955
2016-11-20,46875,584538,69451
2016-11-21,32607,346602,45868
2016-11-22,26528,183293,59866
2016-11-23,36895,71337,16262
2016-11-24,29136,218903,19072
2016-11-25,28022,130535,4919
2016-11-26,12378,107581,44952
2016-11-27,28535,232844,47961
2016-11-28,62663,175960,26416
2016-11-29,70379,178629,47305
2016-11-30,42876,416775,75579
2016-12-01,16610,598140,75058
2016-12-02,33940,259686,45544
2016-12-03,56022,64443,7049
2016-12-04,48037,89103,5420
2016-12-05,40088,70244,13546
2016-12-06,30851,66441,14705
2016-12-07,22855,268874,57799
2016-12-08,39197,422100,46646
2016-12-09,0,16774,3266
2016-12-10,40237,343601,43513
2016-12-11,11373,477590,64096
2016-12-12,15058,146528,15947
2016-12-13,21872,89103,16580
2016-12-14,16450,46816,14963
2016-12-15,15772,145549,44892
2016-12-16,28826,111118,17956
2016-12-17,18208,71962,23836
2016-12-18,8437,106460,16881
2016-12-19,18000,67650,5884
2016-12-20,26453,139400,25777
2016-12-21,22974,239241,70327
2016-12-22,20109,193022,64173
2016-12-23,16111,321571,73723
2016-12-24,12845,611048,70454
2016-12-25,6607,652592,67182
2016-12-26,15463,665450,52712
2016-12-27,23448,579721,61177
2016-12-28,19448,190350,24633
2016-12-29,42910,118887,48812
2016-12-30,48546,176851,62403
2016-12-31,34580,237304,77752
2017-01-01,35291,255709,51414
2017-01-02,12479,234642,60455
2017-01-03,9351,591458,74710
2017-01-04,12814,616598,69982
2017-01-05,20797,230091,31668
2017-01-06,33343,73739,41980
2017-01-07,8386,196402,55904
2017-01-08,4989,35065,6195
2017-01-09,7071,132533,58449
2017-01-10,13044,234594,45781
2017-01-11,7380,562465,74794
2017-01-12,17865,524492,60301
2017-01-13,14311,470290,48325
2017-01-14,16765,416459,70722
2017-01-15,16104,203366,26404
2017-01-16,17601,64933,4276
2017-01-17,22907,69773,9588
2017-01-18,22709,106733,42105
2017-01-19,38191,107805,20184
2017-01-20,39632,99734,9650
2017-01-21,45478,75224,3669
2017-01-22,47386,45012,5758
2017-01-23,30938,30093,9617
2017-01-24,10299,20976,10400
2017-01-25,17721,52132,18638
2017-01-26,56486,179832,55296
2017-01-27,68626,205981,48293
2017-01-28,65966,163058,45743
2017-01-29,53852,240777,64174
2017-01-30,18575,287008,51279
2017-01-31,12063,72210,52572
2017-02-01,23816,150154,71142
2017-02-02,42217,184326,70066
2017-02-03,24220,153798,34239
2017-02-04,49255,189496,21956
2017-02-05,46216,84280,34048
2017-02-06,28574,84592,67526
2017-02-07,29271,175589,88927
2017-02-08,30995,144454,75227
2017-02-09,45277,147539,59995
2017-02-10,33901,207309,83650
2017-02-11,56391,241044,88602
2017-02-12,37667,257757,92513
2017-02-13,89581,269550,68633
2017-02-14,110285,158039,47043
2017-02-15,113904,77038,21841
2017-02-16,92427,199111,83293
2017-02-17,31446,209834,45458
2017-02-18,34514,111413,48748
2017-02-19,58421,276041,72472
2017-02-20,31768,557423,91377
2017-02-21,35746,496732,84188
2017-02-22,25272,730024,96247
2017-02-23,50721,634360,71044
2017-02-24,70545,463623,58481
2017-02-25,97580,337595,76175
2017-02-26,59448,451868,93275
2017-02-27,86393,473252,85155
2017-02-28,49109,530395,71825
2017-03-01,55171,402176,61374
2017-03-02,79160,578816,61976
2017-03-03,94665,264074,59801
2017-03-04,99948,214943,38309
2017-03-05,75048,338243,37544
2017-03-06,52158,190753,54023
2017-03-07,41359,85815,13147
2017-03-08,53959,310792,51843
2017-03-09,48425,285573,63018
2017-03-10,103546,260186,41744
2017-03-11,119267,102078,40691
2017-03-12,145739,246293,75839
2017-03-13,135052,88451,19543
2017-03-14,109520,206811,75349
2017-03-15,113661,249211,60917
2017-03-16,153452,161732,74129
2017-03-17,93963,437834,82947
2017-03-18,39691,604010,62652
2017-03-19,36260,457763,69367
2017-03-20,61799,477272,63110
2017-03-21,70296,316653,88661
2017-03-22,87604,130145,38234
2017-03-23,95997,161449,49677
2017-03-24,120427,147368,5004
2017-03-25,168360,190367,12666
2017-03-26,171808,76213,2931
2017-03-27,191731,66539,4676
2017-03-28,185231,106341,4848
2017-03-29,115054,307937,39759
2017-03-30,142404,140695,72514
2017-03-31,169847,199823,60985
2017-04-01,144803,70238,12271
2017-04-02,134677,94993,15519
2017-04-03,119690,54475,3729
2017-04-04,121475,31749,8920
2017-04-05,117911,270699,62822
2017-04-06,126860,331198,67205
2017-04-07,97877,349473,55258
2017-04-08,127615,58387,7571
2017-04-09,198081,59342,36700
2017-04-10,155883,411793,89881
2017-04-11,135411,291035,72819
2017-04-12,114226,473494,87639
2017-04-13,100218,387064,83160
2017-04-14,113624,211934,49536
2017-04-15,85446,448300,89253
2017-04-16,101418,255791,36553
2017-04-17,92949,158907,52629
2017-04-18,102212,245708,42551
2017-04-19,123418,159607,5015
2017-04-20,177032,76974,45144
2017-04-21,148601,373724,73995
2017-04-22,95932,452019,93875
2017-04-23,130114,317552,76360
2017-04-24,192261,266695,58401
2017-04-25,99272,218374,23271
2017-04-26,104557,43330,10893
2017-04-27,111662,79126,40265
2017-04-28,105568,75516,16717
2017-04-29,146416,92889,16248
2017-04-30,231642,371688,63797
2017-05-01,119737,356391,84321
2017-05-02,91067,316529,86807
2017-05-03,126098,220004,92193
2017-05-04,84354,277726,89685
2017-05-05,83798,98173,49252
2017-05-06,163630,92924,11950
2017-05-07,110392,82941,19431
2017-05-08,63927,204472,63460
2017-05-09,150558,57818,19234
2017-05-10,204869,83502,23744
2017-05-11,197323,154240,44995
2017-05-12,147972,124527,67775
2017-05-13,155427,60433,17302
2017-05-14,151419,66583,21001
2017-05-15,192918,53005,18272
2017-05-16,179569,68136,56760
2017-05-17,220509,154067,33487
2017-05-18,178859,153240,36635
2017-05-19,122883,178800,36682
2017-05-20,171477,132767,21026
2017-05-21,198573,55217,17139
2017-05-22,210584,53265,13859
2017-05-23,200258,195385,42375
2017-05-24,144805,232038,24243
2017-05-25,187870,129959,20789
2017-05-26,231031,83163,5549
2017-05-27,241580,160661,48512
2017-05-28,216452,122028,39884
2017-05-29,208707,48838,6804
2017-05-30,166432,182630,29868
2017-05-31,197220,243904,60195
2017-06-01,224960,77933,10619
2017-06-02,209007,47689,3126
2017-06-03,165064,91421,6330
2017-06-04,121296,203157,28371
2017-06-05,162743,82322,39236
2017-06-06,126134,354737,97877
2017-06-07,165247,567328,101888
2017-06-08,191850,223119,59635
2017-06-09,164358,204269,31848
2017-06-10,214438,62269,27202
2017-06-11,221955,136799,59466
2017-06-12,171739,411771,96994
2017-06-13,177166,257473,49037
2017-06-14,230812,59688,8269
2017-06-15,211229,110070,39775
2017-06-16,165300,404171,76963
2017-06-17,158349,228895,23687
2017-06-18,219198,36555,9442
2017-06-19,237841,27171,4009
2017-06-20,218022,121676,26800
2017-06-21,218321,46385,6669
2017-06-22,188272,220115,52026
2017-06-23,169412,355625,72070
2017-06-24,171521,310914,67306
2017-06-25,121686,279312,67066
2017-06-26,191585,167942,48476
2017-06-27,151239,79742,17978
2017-06-28,142157,177465,76737
2017-06-29,105579,186686,7007
2017-06-30,150379,347451,31854
2017-07-01,109991,275573,50847
2017-07-02,106358,254340,58548
2017-07-03,196601,219164,55442
2017-07-04,193728,144249,27880
2017-07-05,201440,30786,3081
2017-07-06,217342,47096,4092
2017-07-07,173787,119498,3696
2017-07-08,181669,112608,19501
2017-07-09,180651,44681,4404
2017-07-10,127005,82040,3841
2017-07-11,152591,144292,28526
2017-07-12,90657,288855,64815
2017-07-13,200408,155530,28279
2017-07-14,149476,67090,18637
2017-07-15,154733,66478,15275
2017-07-16,152479,117971,42942
2017-07-17,177552,71888,26650
2017-07-18,216314,70789,8600
2017-07-19,212241,170991,63011
2017-07-20,133954,132305,31390
2017-07-21,204263,90152,20440
2017-07-22,161241,112492,53521
2017-07-23,141338,186367,21437
2017-07-24,95696,76978,8841
2017-07-25,72044,250415,39205
2017-07-26,83033,236911,11776
2017-07-27,104743,137608,38439
2017-07-28,160096,232252,55058
2017-07-29,168388,241520,52107
2017-07-30,183220,285305,41785
2017-07-31,183303,94761,30428
2017-08-01,159890,90161,9919
2017-08-02,165588,75815,27675
2017-08-03,120163,312716,89646
2017-08-04,145631,369824,85553
2017-08-05,148608,187348,45532
2017-08-06,164462,123261,45157
2017-08-07,216117,89269,34575
2017-08-08,143742,205790,41676
2017-08-09,169034,152692,56133
2017-08-10,71162,86913,13361
2017-08-11,42198,101320,7255
2017-08-12,80904,262317,43586
2017-08-13,141157,79241,22026
2017-08-14,201027,101579,34836
2017-08-15,172204,160163,21901
2017-08-16,150679,50006,18584
2017-08-17,143194,149506,58252
2017-08-18,125637,148835,41957
2017-08-19,140369,281925,80108
2017-08-20,156866,227513,86542
2017-08-21,158354,165632,46240
2017-08-22,173374,75422,11723
2017-08-23,199191,61673,21757
2017-08-24,146340,134477,54157
2017-08-25,171901,65962,18615
2017-08-26,152022,45193,6084
2017-08-27,147845,111924,18129
2017-08-28,178632,42237,2982
2017-08-29,193583,81716,16442
2017-08-30,152123,156708,33725
2017-08-31,70794,177184,31315
2017-09-01,83407,30230,4000
2017-09-02,106187,33695,3676
2017-09-03,140194,24258,1921
2017-09-04,168123,69353,11690
2017-09-05,135541,74540,33063
2017-09-06,92002,347518,62389
2017-09-07,100495,278794,49535
2017-09-08,82394,453416,63253
2017-09-09,63259,263070,12982
2017-09-10,113330,229411,78358
2017-09-11,102463,487853,88404
2017-09-12,103032,395860,64947
2017-09-13,76819,693592,68158
2017-09-14,64480,560907,72447
2017-09-15,120941,265143,51201
2017-09-16,99447,65912,2995
2017-09-17,119926,21230,4198
2017-09-18,106991,52756,2616
2017-09-19,93991,60904,25379
2017-09-20,85205,100795,36767
2017-09-21,123775,29988,15213
2017-09-22,113893,11679,4805
2017-09-23,117184,27062,1815
2017-09-24,88861,41268,12214
2017-09-25,91455,69872,34716
2017-09-26,102236,100715,38381
2017-09-27,108038,98493,46052
2017-09-28,84595,91109,41396
2017-09-29,99957,126705,50680
2017-09-30,91066,171549,26756
2017-10-01,87195,152322,65919
2017-10-02,55171,469373,105383
2017-10-03,79475,355817,103313
2017-10-04,74265,547501,95253
2017-10-05,70284,644505,97745
2017-10-06,68364,476311,104551
2017-10-07,52328,542120,104512
2017-10-08,61003,248649,54198
2017-10-09,68711,147754,17025
2017-10-10,36634,278319,53167
2017-10-11,63036,435290,86325
2017-10-12,78488,545246,71688
2017-10-13,91526,213370,84342
2017-10-14,110632,202670,90803
2017-10-15,123718,161865,62415
2017-10-16,118553,213907,37535
2017-10-17,106555,181315,78702
2017-10-18,98498,48961,15291
2017-10-19,95181,115231,45440
2017-10-20,62918,285031,66554
2017-10-21,44624,215108,70309
2017-10-22,46077,354785,69977
2017-10-23,30342,226196,32801
2017-10-24,41480,221495,68906
2017-10-25,52360,380013,74942
2017-10-26,54840,236456,91251
2017-10-27,52374,450704,77484
2017-10-28,26800,740177,79640
2017-10-29,52240,649998,70109
2017-10-30,69883,322519,84536
2017-10-31,56769,203054,53903
2017-11-01,37046,331385,89057
2017-11-02,51505,289099,47643
2017-11-03,50760,80048,35878
2017-11-04,57357,241447,67934
2017-11-05,25260,215755,43613
2017-11-06,40300,74284,24131
2017-11-07,27301,107779,41009
2017-11-08,18331,56121,6544
2017-11-09,15290,152785,57702
2017-11-10,12771,543532,84284
2017-11-11,18163,433622,97300
2017-11-12,15731,170029,65393
2017-11-13,36998,146079,58991
2017-11-14,38773,248225,46261
2017-11-15,25804,83777,14249
2017-11-16,18147,116320,63171
2017-11-17,32918,137467,66996
2017-11-18,18879,533292,73374
2017-11-19,28649,633931,87307
2017-11-20,14912,345846,34437
2017-11-21,11239,295065,23528
2017-11-22,46147,519780,68453
2017-11-23,42046,651504,79222
2017-11-24,30440,264817,48269
2017-11-25,13552,190220,48449
2017-11-26,22587,505276,94053
2017-11-27,21983,650310,92969
2017-11-28,19658,458019,56910
2017-11-29,24154,88351,11304
2017-11-30,14314,51808,14582
2017-12-01,19266,28728,23597
2017-12-02,16460,73648,52624
2017-12-03,12411,295758,91733
2017-12-04,10746,389397,90402
2017-12-05,10951,526460,85027
2017-12-06,8008,557838,74659
2017-12-07,42995,667354,76369
2017-12-08,20502,559527,93300
2017-12-09,12343,613089,99230
2017-12-10,9920,555550,67397
2017-12-11,5669,356386,58721
2017-12-12,13248,519228,70871
2017-12-13,36880,647526,74011
2017-12-14,21028,591361,75076
2017-12-15,21653,150274,26143
2017-12-16,15903,213636,63753
2017-12-17,12620,204627,46092
2017-12-18,15897,104754,30085
2017-12-19,8794,85203,13898
2017-12-20,8800,68789,22093
2017-12-21,7312,232156,26881
2017-12-22,10065,189709,39061
2017-12-23,8448,669046,79030
2017-12-24,9950,730918,81500
2017-12-25,15764,494493,93315
2017-12-26,30923,629814,87638
2017-12-27,16531,341098,53404
2017-12-28,14160,422627,83796
2017-12-29,30538,494896,89383
2017-12-30,7465,649155,72090
2017-12-31,19979,636750,84422
2018-01-01,29486,605427,74669
2018-01-02,16327,406403,66396
2018-01-03,13103,846625,91260
2018-01-04,9263,554070,37245
2018-01-05,18381,501845,24748
2018-01-06,29155,172056,31838
2018-01-07,17000,357188,32297
2018-01-08,30372,492071,65002
2018-01-09,29453,441293,77793
2018-01-10,37828,123179,24945
2018-01-11,21017,24631,11151
2018-01-12,11011,81146,51480
2018-01-13,11431,262339,73957
2018-01-14,33246,318898,77964
2018-01-15,30279,657114,85714
2018-01-16,18545,583505,89758
2018-01-17,18862,577683,83471
2018-01-18,15811,621859,62375
2018-01-19,26536,261422,36234
2018-01-20,15013,169757,35562
2018-01-21,18297,88730,20357
2018-01-22,9659,256135,57808
2018-01-23,18980,333148,61370
2018-01-24,41024,662581,99392
2018-01-25,30156,308257,86038
2018-01-26,27650,43436,7257
2018-01-27,25558,253285,61142
2018-01-28,22197,751723,89280
2018-01-29,23739,809364,90266
2018-01-30,49856,384345,83372
2018-01-31,30908,612455,93122
2018-02-01,32595,432700,89446
2018-02-02,38070,297191,53874
2018-02-03,25098,83221,29003
2018-02-04,26189,158769,93651
2018-02-05,53302,170923,31897
2018-02-06,66492,89024,4355
2018-02-07,55937,48488,7965
2018-02-08,51721,37256,54604
2018-02-09,42355,128778,80265
2018-02-10,24427,117925,53182
2018-02-11,28516,526986,98429
2018-02-12,47380,371024,92889
2018-02-13,97675,191179,67877
2018-02-14,113511,249179,76417
2018-02-15,30743,415833,90488
2018-02-16,71702,267621,60581
2018-02-17,34463,65659,6785
2018-02-18,59636,97188,28607
2018-02-19,58919,53181,6556
2018-02-20,65835,99855,9547
2018-02-21,91725,150009,3059
2018-02-22,88681,252637,8558
2018-02-23,105663,314468,45859
2018-02-24,109933,486704,98518
2018-02-25,122087,282373,68412
2018-02-26,81635,311091,87163
2018-02-27,97963,247770,89843
2018-02-28,108252,469568,102042
2018-03-01,110481,628786,99193
2018-03-02,102090,430424,98197
2018-03-03,77042,326591,99673
2018-03-04,100457,313601,93807
2018-03-05,104489,220516,73289
2018-03-06,76481,105762,32128
2018-03-07,56921,149179,11693
2018-03-08,93282,445313,37643
2018-03-09,71752,321460,35955
2018-03-10,56038,227932,67687
2018-03-11,84287,186005,57884
2018-03-12,49399,201145,4526
2018-03-13,52337,392204,34451
2018-03-14,71454,126410,28884
2018-03-15,108585,561939,84756
2018-03-16,48725,537778,51303
2018-03-17,52766,743391,55489
2018-03-18,82333,681860,63788
2018-03-19,119135,199011,43747
2018-03-20,99835,282485,56139
2018-03-21,135522,156636,50679
2018-03-22,56308,346682,51975
2018-03-23,44666,55631,43663
2018-03-24,144550,60912,9711
2018-03-25,158681,35421,3878
2018-03-26,72807,56764,6087
2018-03-27,112027,107061,27020
2018-03-28,46278,358609,89399
2018-03-29,95124,314336,29907
2018-03-30,145949,262041,87906
2018-03-31,74111,205686,85745
2018-04-01,71797,342903,28031
2018-04-02,151580,200105,43697
2018-04-03,142943,341266,72775
2018-04-04,138516,303583,52000
2018-04-05,98876,553715,84921
2018-04-06,216112,277785,59030
2018-04-07,212637,363889,67328
2018-04-08,197089,148714,11680
2018-04-09,145760,118872,48283
2018-04-10,155791,324604,98638
2018-04-11,150466,310177,102888
2018-04-12,142466,370508,107023
2018-04-13,85508,269406,43334
2018-04-14,156292,202726,39431
2018-04-15,142178,52714,12666
2018-04-16,101678,58535,22468
2018-04-17,195008,55235,44746
2018-04-18,213958,74911,35123
2018-04-19,214802,158604,48194
2018-04-20,212343,141781,42208
2018-04-21,208750,74130,13077
2018-04-22,197445,138616,46641
2018-04-23,139109,319282,73030
2018-04-24,142092,298709,78288
2018-04-25,138715,467207,58119
2018-04-26,137872,372142,80903
2018-04-27,206522,140633,25685
2018-04-28,178732,141700,25662
2018-04-29,188281,190646,39639
2018-04-30,152015,528567,87636
2018-05-01,149880,498452,58114
2018-05-02,160144,143821,61874
2018-05-03,169952,164575,21890
2018-05-04,201186,154019,4164
2018-05-05,223943,202195,8713
2018-05-06,239472,203174,29311
2018-05-07,237923,203711,34257
2018-05-08,238657,246872,61220
2018-05-09,210976,166341,50677
2018-05-10,146355,207244,38835
2018-05-11,163237,58129,10722
2018-05-12,202809,121272,46576
2018-05-13,177559,268359,66614
2018-05-14,178180,302818,42656
2018-05-15,173236,169402,16481
2018-05-16,117915,185143,76496
2018-05-17,150094,309580,89814
2018-05-18,172561,90614,26456
2018-05-19,185185,60838,2105
2018-05-20,200005,236209,40092
2018-05-21,239371,309224,72072
2018-05-22,204835,133548,32890
2018-05-23,182998,216160,35082
2018-05-24,145900,277445,64342
2018-05-25,199527,180608,76347
2018-05-26,227439,95991,32453
2018-05-27,190195,125089,50390
2018-05-28,225638,147059,30462
2018-05-29,201699,220966,63556
2018-05-30,208340,75826,26940
2018-05-31,206268,93291,29115
2018-06-01,163686,118871,11211
2018-06-02,152733,93055,9224
2018-06-03,189437,42108,8175
2018-06-04,208775,94959,24912
2018-06-05,197097,92156,9008
2018-06-06,232624,193082,24393
2018-06-07,201235,115822,13234
2018-06-08,195110,74565,6357
2018-06-09,189124,69958,13678
2018-06-10,174510,86541,25925
2018-06-11,169024,137180,49715
2018-06-12,121266,151993,66311
2018-06-13,88830,162096,52638
2018-06-14,187828,134347,74476
2018-06-15,183203,29902,6757
2018-06-16,193543,60926,11008
2018-06-17,170764,166935,44597
2018-06-18,166399,152428,51929
2018-06-19,151567,157575,43953
2018-06-20,215128,120225,76562
2018-06-21,181048,450875,73242
2018-06-22,160949,466693,107026
2018-06-23,148414,375903,90919
2018-06-24,129420,159121,67725
2018-06-25,158806,131901,65739
2018-06-26,171635,72747,21717
2018-06-27,216261,140067,3582
2018-06-28,161520,196935,9498
2018-06-29,212039,167358,33969
2018-06-30,244755,222231,27793
2018-07-01,255427,249353,30371
2018-07-02,257690,127589,13216
2018-07-03,241390,64368,17659
2018-07-04,200332,37060,6832
2018-07-05,169760,115958,28787
2018-07-06,156511,235918,60720
2018-07-07,236099,241437,53268
2018-07-08,228019,143412,19705
2018-07-09,192348,208652,81998
2018-07-10,123843,132871,38473
2018-07-11,131811,85291,35159
2018-07-12,163328,134918,26420
2018-07-13,218134,119779,19134
2018-07-14,208149,79387,9476
2018-07-15,207459,57072,3997
2018-07-16,209683,42941,5605
2018-07-17,205623,115579,18600
2018-07-18,215613,209135,16858
2018-07-19,223633,107391,11527
2018-07-20,211036,74773,6760
2018-07-21,125104,68621,9230
2018-07-22,136166,70104,4834
2018-07-23,200093,40712,2537
2018-07-24,227122,33170,2627
2018-07-25,207923,68497,8879
2018-07-26,222217,128582,34092
2018-07-27,209752,177304,62809
2018-07-28,167972,183615,52605
2018-07-29,200541,103887,33078
2018-07-30,207326,78109,24995
2018-07-31,206790,123759,12660
2018-08-01,181816,91558,2096
2018-08-02,194361,78112,2068
2018-08-03,213280,64610,1523
2018-08-04,190045,102725,15325
2018-08-05,194357,163173,33848
2018-08-06,224432,71999,14473
2018-08-07,191145,133767,13311
2018-08-08,169541,226117,60049
2018-08-09,180580,268461,31371
2018-08-10,150610,348632,70733
2018-08-11,182277,328096,70436
2018-08-12,211602,86344,45748
2018-08-13,129614,166431,9892
2018-08-14,135621,269017,30371
2018-08-15,142103,86956,28692
2018-08-16,212894,107391,51701
2018-08-17,179477,109865,13152
2018-08-18,187384,98967,57702
2018-08-19,198945,126351,58098
2018-08-20,144673,146328,24135
2018-08-21,171581,42638,7640
2018-08-22,199007,73447,17487
2018-08-23,160327,116762,33604
2018-08-24,108220,257270,69944
2018-08-25,96416,252573,44606
2018-08-26,184301,168345,57575
2018-08-27,121039,419430,88280
2018-08-28,165907,80557,13435
2018-08-29,177245,160899,22476
2018-08-30,81663,277653,53558
2018-08-31,102988,122428,33127
2018-09-01,122421,93855,4405
2018-09-02,78144,161222,9309
2018-09-03,96692,136677,30833
2018-09-04,136608,71354,11769
2018-09-05,167416,72291,5961
2018-09-06,140725,102371,13785
2018-09-07,102417,176075,42364
2018-09-08,172188,196734,79253
2018-09-09,161908,95420,59678
2018-09-10,136237,128555,51725
2018-09-11,161734,347655,87225
2018-09-12,153095,157166,55995
2018-09-13,88606,33746,27429
2018-09-14,107782,71810,74434
2018-09-15,131634,174155,59603
2018-09-16,169802,100922,77393
2018-09-17,169018,89707,39041
2018-09-18,170265,269246,87919
2018-09-19,153551,250769,91746
2018-09-20,154878,260100,69111
2018-09-21,93470,649769,84412
2018-09-22,111125,445648,95393
2018-09-23,50429,308010,74621
2018-09-24,131064,496103,102360
2018-09-25,160265,144610,43580
2018-09-26,147659,388320,104226
2018-09-27,156948,226203,88105
2018-09-28,121814,276320,82614
2018-09-29,159667,139144,67882
2018-09-30,161752,130595,65235
2018-10-01,76559,253188,89801
2018-10-02,55055,612625,91770
2018-10-03,86255,510148,81588
2018-10-04,111888,158858,59282
2018-10-05,155979,178500,42961
2018-10-06,125387,149250,34710
2018-10-07,92470,174419,37543
2018-10-08,115605,103036,94988
2018-10-09,106617,93089,75228
2018-10-10,131030,234664,36388
2018-10-11,131699,302575,75619
2018-10-12,134785,239840,86534
2018-10-13,137382,269451,95876
2018-10-14,137123,329962,70305
2018-10-15,124529,136718,16771
2018-10-16,108043,36465,15708
2018-10-17,116468,36256,14125
2018-10-18,85440,125801,31199
2018-10-19,86407,42957,6846
2018-10-20,86941,88992,27334
2018-10-21,103527,90440,58917
2018-10-22,81702,241072,97220
2018-10-23,28192,773284,90921
2018-10-24,38538,559322,101782
2018-10-25,36799,492273,83870
2018-10-26,51662,344093,84975
2018-10-27,37145,285951,72310
2018-10-28,27394,391723,74507
2018-10-29,15992,470216,102604
2018-10-30,43386,633199,94879
2018-10-31,78591,377400,60741
2018-11-01,44722,229248,69741
2018-11-02,55987,248146,69285
2018-11-03,56753,105865,60318
2018-11-04,22226,138258,50042
2018-11-05,45461,167826,43154
2018-11-06,70838,195737,47656
2018-11-07,80606,204396,68319
2018-11-08,44317,121402,52721
2018-11-09,34655,185606,56759
2018-11-10,35837,390753,100930
2018-11-11,42740,424239,105713
2018-11-12,41930,271123,44944
2018-11-13,23394,402615,83277
2018-11-14,49393,160343,74265
2018-11-15,44127,154953,32388
2018-11-16,75882,325675,43204
2018-11-17,80903,377736,69698
2018-11-18,69174,302120,64210
2018-11-19,18837,579106,94397
2018-11-20,22046,654708,77735
2018-11-21,16576,295827,100721
2018-11-22,20621,120283,66464
2018-11-23,29985,82399,15945
2018-11-24,16337,87058,20924
2018-11-25,21647,111738,66956
2018-11-26,11103,184308,56594
2018-11-27,15974,91551,56434
2018-11-28,35069,438109,96523
2018-11-29,31406,573215,81887
2018-11-30,12406,341521,105756
2018-12-01,27296,355759,98443
2018-12-02,8032,546881,101401
2018-12-03,17736,499795,109381
2018-12-04,31009,405311,81945
2018-12-05,32668,267066,79837
2018-12-06,10874,408524,92254
2018-12-07,11698,689866,97467
2018-12-08,18137,893637,105262
2018-12-09,11513,779632,108417
2018-12-10,23727,747283,94785
2018-12-11,18571,401493,74562
2018-12-12,17306,123138,44113
2018-12-13,19737,192918,70122
2018-12-14,9677,117226,48570
2018-12-15,9248,195687,88005
2018-12-16,7829,222831,71998
2018-12-17,12758,159856,33772
2018-12-18,31158,269900,73471
2018-12-19,9889,347976,109785
2018-12-20,18420,306607,72368
2018-12-21,6573,678585,75843
2018-12-22,11551,485084,34243
2018-12-23,9498,353139,51911
2018-12-24,19312,295225,61527
2018-12-25,18841,439872,112873
2018-12-26,24225,312471,90736
2018-12-27,27663,207716,75093
2018-12-28,27556,177864,50902
2018-12-29,10390,447108,85985
2018-12-30,12451,502814,62853
2018-12-31,9327,187153,57980
2019-01-01,10091,761824,53411
2019-01-02,31118,588909,77700
2019-01-03,22529,226316,62504
2019-01-04,9581,459735,90405
2019-01-05,6806,506590,89140
2019-01-06,11843,182399,63589
2019-01-07,10431,394558,71360
2019-01-08,13495,873241,89002
2019-01-09,13002,652936,107480
2019-01-10,10977,150293,22624
2019-01-11,5340,406464,104246
2019-01-12,6872,623713,107399
2019-01-13,6074,799834,107326
2019-01-14,25280,725672,104157
2019-01-15,15105,746804,82664
2019-01-16,31044,620478,108436
2019-01-17,20161,623019,114746
2019-01-18,47412,209162,29213
2019-01-19,63099,107449,27880
2019-01-20,53513,49141,10139
2019-01-21,51716,93808,39588
2019-01-22,37538,198611,98535
2019-01-23,27037,130684,30923
2019-01-24,14512,33004,15151
2019-01-25,16236,139997,59925
2019-01-26,11533,436936,70379
2019-01-27,23961,499974,78139
2019-01-28,24378,419137,76791
2019-01-29,35955,262125,83476
2019-01-30,33922,370422,74969
2019-01-31,54459,187543,63484
2019-02-01,20369,247211,93316
2019-02-02,20033,83898,33793
2019-02-03,19587,227524,64662
2019-02-04,56587,396685,96976
2019-02-05,35248,269832,81336
2019-02-06,54640,274250,87831
2019-02-07,27671,531236,85971
2019-02-08,55579,675626,106722
2019-02-09,57346,840409,87089
2019-02-10,25343,713088,80413
2019-02-11,40097,705721,85204
2019-02-12,46594,384948,79511
2019-02-13,72097,351899,106254
2019-02-14,102957,124301,60060
2019-02-15,126463,161201,55172
2019-02-16,127754,272899,100475
2019-02-17,121886,152677,66317
2019-02-18,130737,192265,66921
2019-02-19,66616,463625,115209
2019-02-20,75160,262329,104582
2019-02-21,63606,326439,86405
2019-02-22,47569,199586,37463
2019-02-23,128440,177036,34953
2019-02-24,127709,84783,15099
2019-02-25,138888,100798,17178
2019-02-26,131282,71937,8459
2019-02-27,149453,155526,46356
2019-02-28,121550,391699,32824
2019-03-01,31872,172395,37410
2019-03-02,35212,216068,63187
2019-03-03,48659,736363,109575
2019-03-04,60335,854153,90273
2019-03-05,70024,647460,87470
2019-03-06,100057,494463,115059
2019-03-07,69869,743176,122088
2019-03-08,83474,675867,118278
2019-03-09,59287,811227,113882
2019-03-10,51349,478875,58088
2019-03-11,66667,572809,64226
2019-03-12,110939,589142,115529
2019-03-13,79842,846591,108064
2019-03-14,34122,765597,125610
2019-03-15,36130,793300,124188
2019-03-16,53092,664894,116959
2019-03-17,103203,665809,109516
2019-03-18,101952,600466,103724
2019-03-19,135391,158085,39392
2019-03-20,160746,172185,75586
2019-03-21,165043,132269,85004
2019-03-22,164432,90556,29810
2019-03-23,155150,147606,42391
2019-03-24,137484,133785,59591
2019-03-25,109078,464026,119666
2019-03-26,85996,360763,91525
2019-03-27,91979,183916,60153
2019-03-28,102484,96927,15653
2019-03-29,174860,90236,54764
2019-03-30,204365,124298,34183
2019-03-31,168900,215044,53298
2019-04-01,214223,284270,36762
2019-04-02,176227,350992,89394
2019-04-03,119340,154831,29226
2019-04-04,106582,133217,26228
2019-04-05,79476,77593,42705
2019-04-06,173180,158121,37009
2019-04-07,186998,147249,15540
2019-04-08,145576,152975,71550
2019-04-09,145910,233335,56567
2019-04-10,154261,259079,47495
2019-04-11,150207,204845,18066
2019-04-12,112023,164631,33540
2019-04-13,122773,198711,85624
2019-04-14,115318,236794,85198
2019-04-15,225365,291674,99225
2019-04-16,221233,318403,109315
2019-04-17,201037,289226,107873
2019-04-18,234750,369111,104166
2019-04-19,238016,256259,58640
2019-04-20,238193,154224,19232
2019-04-21,239745,134794,21180
2019-04-22,236687,436559,94304
2019-04-23,186883,629407,117463
2019-04-24,207951,385468,122232
2019-04-25,211871,280043,51012
2019-04-26,108075,251606,20384
2019-04-27,126033,222222,42353
2019-04-28,133506,101683,10144
2019-04-29,101918,235447,36608
2019-04-30,197997,148304,23024
2019-05-01,186968,225058,68033
2019-05-02,165541,358887,102681
2019-05-03,125887,302837,96913
2019-05-04,116456,228178,87309
2019-05-05,153198,165859,88825
2019-05-06,140552,238636,95967
2019-05-07,174983,91364,32355
2019-05-08,113906,292720,65121
2019-05-09,143072,193632,48403
2019-05-10,144461,181309,29548
2019-05-11,109651,250078,33631
2019-05-12,180037,327045,65350
2019-05-13,238401,252556,26859
2019-05-14,205973,238829,8270
2019-05-15,179285,219658,15283
2019-05-16,96399,207660,73094
2019-05-17,170625,110467,67773
2019-05-18,232755,109361,38856
2019-05-19,207598,110695,28208
2019-05-20,101131,180766,24370
2019-05-21,84301,321923,68488
2019-05-22,101357,333457,55209
2019-05-23,239989,72245,50378
2019-05-24,227101,153117,54969
2019-05-25,173424,113795,40111
2019-05-26,194033,300979,104954
2019-05-27,153065,207842,96591
2019-05-28,121567,120478,28549
2019-05-29,183074,92144,33362
2019-05-30,190349,274907,113691
2019-05-31,167988,130322,48890
2019-06-01,244565,90546,45971
2019-06-02,255446,163038,47577
2019-06-03,211204,162481,35009
2019-06-04,235851,154134,44262
2019-06-05,235071,188154,59192
2019-06-06,134830,267279,59997
2019-06-07,241215,242677,47295
2019-06-08,188873,505038,100161
2019-06-09,222510,142511,46038
2019-06-10,150683,139146,92159
2019-06-11,162768,90046,53334
2019-06-12,139643,164838,39831
2019-06-13,229378,194004,64641
2019-06-14,214389,160938,39359
2019-06-15,189810,284236,50910
2019-06-16,152438,65181,39690
2019-06-17,240804,63561,29356
2019-06-18,238621,103592,12124
2019-06-19,226365,126796,24800
2019-06-20,161656,126094,16713
2019-06-21,204376,78224,18513
2019-06-22,190931,162374,9063
2019-06-23,223726,203675,64263
2019-06-24,258795,232929,107072
2019-06-25,248351,147074,43764
2019-06-26,243542,215820,82718
2019-06-27,239680,254270,76352
2019-06-28,250958,67398,12829
2019-06-29,264538,63899,15642
2019-06-30,253267,259892,85317
2019-07-01,196800,292442,104557
2019-07-02,217660,294735,91782
2019-07-03,228262,201545,81006
2019-07-04,248447,197241,107271
2019-07-05,190638,218288,60631
2019-07-06,184714,267201,99261
2019-07-07,148754,278964,99123
2019-07-08,161948,204131,62173
2019-07-09,176794,177765,60826
2019-07-10,233621,90597,28031
2019-07-11,122442,44863,8429
2019-07-12,142249,86213,10816
2019-07-13,136184,160425,41161
2019-07-14,131050,97318,44589
2019-07-15,147970,151565,59300
2019-07-16,184027,182434,48719
2019-07-17,207209,33062,2841
2019-07-18,215277,54675,22203
2019-07-19,157724,68890,13911
2019-07-20,204023,186922,67087
2019-07-21,190784,202811,59614
2019-07-22,197761,88190,78484
2019-07-23,247128,61244,10966
2019-07-24,242294,101611,45612
2019-07-25,233038,136210,32260
2019-07-26,226362,273850,92712
2019-07-27,177701,308711,111133
2019-07-28,136638,152655,63320
2019-07-29,137290,87921,8958
2019-07-30,174199,73721,13491
2019-07-31,135598,113719,33788
2019-08-01,192599,41257,17695
2019-08-02,163311,47700,16061
2019-08-03,159695,76185,18881
2019-08-04,207061,44157,9925
2019-08-05,143358,91004,19073
2019-08-06,165692,123305,28684
2019-08-07,107222,153198,47830
2019-08-08,197432,247484,72361
2019-08-09,170100,145394,57799
2019-08-10,130177,484289,104323
2019-08-11,204194,251741,115985
2019-08-12,132077,181633,76291
2019-08-13,161224,219750,36653
2019-08-14,200403,123883,51962
2019-08-15,111537,311024,80656
2019-08-16,183568,155101,56147
2019-08-17,98425,320113,71294
2019-08-18,155085,214282,57199
2019-08-19,160028,208646,80383
2019-08-20,109482,99292,45878
2019-08-21,198693,53751,20206
2019-08-22,215331,91823,55238
2019-08-23,210878,75926,20815
2019-08-24,208462,130083,39379
2019-08-25,197723,104688,19666
2019-08-26,193214,68682,7180
2019-08-27,189597,75656,22434
2019-08-28,170467,81294,12621
2019-08-29,146978,76470,21117
2019-08-30,189669,27048,33072
2019-08-31,204412,137134,25628
2019-09-01,135872,188744,60022
2019-09-02,157704,136673,67934
2019-09-03,165318,219549,103919
2019-09-04,191194,228326,74845
2019-09-05,120829,367043,93132
2019-09-06,153442,201018,89399
2019-09-07,90158,61950,33480
2019-09-08,89769,24556,10495
2019-09-09,70515,114112,8600
2019-09-10,169342,238120,50488
2019-09-11,166760,285174,88671
2019-09-12,135145,205771,93398
2019-09-13,129005,248256,78867
2019-09-14,182110,66138,53160
2019-09-15,176446,315877,104044
2019-09-16,101733,133721,69652
2019-09-17,121187,489993,101538
2019-09-18,170197,326699,111789
2019-09-19,176147,149835,30151
2019-09-20,170266,102219,19689
2019-09-21,191383,153817,24169
2019-09-22,157292,185355,52437
2019-09-23,79774,129428,38123
2019-09-24,98545,90980,51947
2019-09-25,79693,136393,24646
2019-09-26,67845,211031,70347
2019-09-27,72513,303786,85252
2019-09-28,103809,555902,113525
2019-09-29,95530,597134,87988
2019-09-30,94664,656233,94720
2019-10-01,79553,371035,40719
2019-10-02,82288,348143,103061
2019-10-03,85103,208993,19388
2019-10-04,47187,244999,56057
2019-10-05,62625,234442,66595
2019-10-06,66538,247120,97470
2019-10-07,99917,122365,66841
2019-10-08,39142,435722,114784
2019-10-09,55422,448845,107764
2019-10-10,81450,544135,127987
2019-10-11,84290,707584,128399
2019-10-12,117207,437064,115330
2019-10-13,116802,388646,77887
2019-10-14,133346,238544,75567
2019-10-15,101408,151596,62464
2019-10-16,81081,373797,54829
2019-10-17,78599,258465,47703
2019-10-18,78194,431463,108348
2019-10-19,45644,329000,122871
2019-10-20,71233,115122,25145
2019-10-21,59208,138513,40791
2019-10-22,72048,107735,56434
2019-10-23,68112,146505,25826
2019-10-24,64379,219852,67558
2019-10-25,83120,414260,123143
2019-10-26,101403,606624,110448
2019-10-27,61644,468208,113094
2019-10-28,70352,203659,70057
2019-10-29,59781,116184,18391
2019-10-30,79758,119477,4557
2019-10-31,102159,155491,34851
2019-11-01,38141,343309,84367
2019-11-02,41255,485111,113524
2019-11-03,35289,232186,59472
2019-11-04,47399,225969,36879
2019-11-05,36069,156834,55342
2019-11-06,31666,93748,12990
2019-11-07,55463,230036,63370
2019-11-08,33068,98557,44016
2019-11-09,31003,128978,35451
2019-11-10,63537,86314,47817
2019-11-11,38960,318869,109856
2019-11-12,36577,392597,128312
2019-11-13,30328,260928,89214
2019-11-14,70693,295677,55267
2019-11-15,25056,357375,115725
2019-11-16,32714,250261,78326
2019-11-17,20437,245141,56803
2019-11-18,29484,285318,124080
2019-11-19,36986,286766,95289
2019-11-20,21864,28423,8349
2019-11-21,19369,83740,51215
2019-11-22,29919,215130,67492
2019-11-23,47931,479672,143715
2019-11-24,38698,188514,102711
2019-11-25,14042,45410,17138
2019-11-26,22544,177261,58090
2019-11-27,16648,462261,83220
2019-11-28,25014,750164,107549
2019-11-29,30993,486141,132751
2019-11-30,47192,151257,43814
2019-12-01,21523,102434,31861
2019-12-02,31111,247830,96288
2019-12-03,34257,183913,91917
2019-12-04,58743,184180,94799
2019-12-05,46239,307221,128987
2019-12-06,31164,748908,111330
2019-12-07,19174,700477,141143
2019-12-08,24022,796866,122041
2019-12-09,29477,616060,133881
2019-12-10,44928,446251,103973
2019-12-11,21415,349202,87086
2019-12-12,16560,301428,101856
2019-12-13,16947,472231,82766
2019-12-14,22428,710415,132816
2019-12-15,28173,712449,141197
2019-12-16,28047,330576,110791
2019-12-17,33313,484899,61980
2019-12-18,30354,304221,102823
2019-12-19,42516,418616,139578
2019-12-20,27681,511405,142004
2019-12-21,31493,313254,115953
2019-12-22,15887,354184,65590
2019-12-23,16594,489597,122481
2019-12-24,18830,405610,49581
2019-12-25,13417,251421,42226
2019-12-26,27332,114067,18672
2019-12-27,20958,106453,40135
2019-12-28,36239,92505,66626
2019-12-29,54910,227954,121886
2019-12-30,53215,535847,133426
2019-12-31,36562,343630,81593
2020-01-01,50890,147268,72658
2020-01-02,39748,258603,146171
2020-01-03,18258,635031,140484
2020-01-04,13149,674330,109957
2020-01-05,24915,220934,96105
2020-01-06,38147,255920,140443
2020-01-07,15297,381171,114564
2020-01-08,9752,453260,97504
2020-01-09,24299,447866,95761
2020-01-10,30642,524888,84119
2020-01-11,36985,404544,124244
2020-01-12,34331,657975,124335
2020-01-13,26594,354571,108039
2020-01-14,38277,789605,130510
2020-01-15,64195,724446,114599
2020-01-16,65847,339849,121840
2020-01-17,55952,452030,123897
2020-01-18,30097,388751,119307
2020-01-19,30766,171375,105121
2020-01-20,45220,154360,74621
2020-01-21,64770,263220,102242
2020-01-22,25263,185328,48107
2020-01-23,28911,67790,45463
2020-01-24,46760,126927,76783
2020-01-25,28657,91656,78080
2020-01-26,37585,151324,91317
2020-01-27,40022,452667,104579
2020-01-28,25045,715952,103674
2020-01-29,25078,723899,128806
2020-01-30,46173,718737,128895
2020-01-31,35549,760300,131874
2020-02-01,32689,775413,138686
2020-02-02,17592,518890,45992
2020-02-03,21534,542534,114282
2020-02-04,48562,586035,112980
2020-02-05,86933,311551,56292
2020-02-06,63027,242289,46697
2020-02-07,76514,182363,59157
2020-02-08,87451,331930,109284
2020-02-09,79888,754112,88281
2020-02-10,54886,848431,120707
2020-02-11,52325,915568,118522
2020-02-12,52811,821371,122310
2020-02-13,42080,485602,88621
2020-02-14,34409,229451,54152
2020-02-15,95772,552025,132855
2020-02-16,43997,842567,93418
2020-02-17,45507,723714,131705
2020-02-18,69033,790801,133822
2020-02-19,57646,674202,124372
2020-02-20,46842,619924,135108
2020-02-21,94619,716647,141467
2020-02-22,78893,878303,108577
2020-02-23,20058,754761,120134
2020-02-24,43590,551448,108199
2020-02-25,62137,711286,115658
2020-02-26,57299,409841,43650
2020-02-27,50276,254589,67115
2020-02-28,81112,518381,130231
2020-02-29,73689,727725,133222
2020-03-01,99172,617948,112257
2020-03-02,97522,238676,39898
2020-03-03,70086,255240,27622
2020-03-04,85189,192946,30905
2020-03-05,77333,292220,51983
2020-03-06,36517,447635,97046
2020-03-07,70396,339536,66203
2020-03-08,104851,470099,129387
2020-03-09,78715,279082,64501
2020-03-10,30463,800296,139889
2020-03-11,80255,607664,138840
2020-03-12,112345,801940,119273
2020-03-13,118822,674269,100876
2020-03-14,149403,191977,76387
2020-03-15,175573,483502,125348
2020-03-16,176784,151306,49758
2020-03-17,116976,186121,124554
2020-03-18,163366,294674,77744
2020-03-19,145197,55969,9093
2020-03-20,105592,195442,63331
2020-03-21,90828,544567,134829
2020-03-22,211172,464515,116567
2020-03-23,227668,364427,122885
2020-03-24,225093,330605,101878
2020-03-25,224392,377500,54514
2020-03-26,188848,410788,41522
2020-03-27,207744,332571,65882
2020-03-28,210558,282411,108805
2020-03-29,79375,528363,114772
2020-03-30,164729,209377,86709
2020-03-31,179102,116151,30783
2020-04-01,212147,202776,96622
2020-04-02,191795,357477,140756
2020-04-03,137598,307418,98495
2020-04-04,211404,119705,58008
2020-04-05,239149,403251,111486
2020-04-06,235172,276195,90302
2020-04-07,224427,151517,23805
2020-04-08,226347,118701,19654
2020-04-09,211219,137042,31083
2020-04-10,224637,92686,5814
2020-04-11,235133,67626,26771
2020-04-12,211054,129983,52833
2020-04-13,164063,435521,116514
2020-04-14,186880,246998,88151
2020-04-15,231430,231089,87756
2020-04-16,230060,130131,27473
2020-04-17,230368,81211,17150
2020-04-18,194706,172351,64979
2020-04-19,211858,352447,77940
2020-04-20,252988,555375,90233
2020-04-21,254123,620133,103936
2020-04-22,262249,434265,108751
2020-04-23,256266,104215,16781
2020-04-24,219716,283120,81904
2020-04-25,212147,144528,29333
2020-04-26,235881,34767,9983
2020-04-27,223722,68791,23645
2020-04-28,148092,127508,10179
2020-04-29,116190,181152,29503
2020-04-30,125449,358844,90478
2020-05-01,149671,336235,45303
2020-05-02,144741,309449,29245
2020-05-03,177447,108052,16731
2020-05-04,140003,143845,47978
2020-05-05,200483,197087,34969
2020-05-06,263725,201331,40555
2020-05-07,253925,92519,23971
2020-05-08,253178,49556,23004
2020-05-09,203286,73010,1758
2020-05-10,163642,193923,83796
2020-05-11,82936,495884,121870
2020-05-12,213634,199978,74910
2020-05-13,148064,119353,61743
2020-05-14,173379,174206,33264
2020-05-15,186341,211711,86154
2020-05-16,241074,205565,74015
2020-05-17,252965,218838,98431
2020-05-18,242700,195630,80263
2020-05-19,227033,141014,37772
2020-05-20,178788,45309,1015
2020-05-21,266888,62778,16915
2020-05-22,155352,215615,101510
2020-05-23,111947,330704,115919
2020-05-24,179552,409879,96540
2020-05-25,154951,308790,59643
2020-05-26,227523,38745,1178
2020-05-27,255970,115185,37564
2020-05-28,242293,226044,24096
2020-05-29,245473,132792,15515
2020-05-30,222115,229383,21089
2020-05-31,237455,255606,62315
2020-06-01,290429,193088,50031
2020-06-02,276706,85168,14238
2020-06-03,233551,95018,82474
2020-06-04,102425,153837,90542
2020-06-05,142098,395366,66115
2020-06-06,163693,371491,120988
2020-06-07,132175,205018,36299
2020-06-08,181642,42141,15919
2020-06-09,129343,90278,1577
2020-06-10,115419,114286,24537
2020-06-11,126933,117727,115217
2020-06-12,249785,185948,104439
2020-06-13,222197,191441,96551
2020-06-14,88180,199451,70899
2020-06-15,137576,98430,28004
2020-06-16,163683,21823,3955
2020-06-17,188835,77989,24817
2020-06-18,171939,107257,25949
2020-06-19,153272,135203,9305
2020-06-20,170332,228330,17090
2020-06-21,226352,87153,27477
2020-06-22,226095,135754,12414
2020-06-23,279510,77265,8575
2020-06-24,269499,128796,21293
2020-06-25,232674,182739,58306
2020-06-26,250518,129470,41093
2020-06-27,227563,153307,19934
2020-06-28,165157,226137,75108
2020-06-29,191913,257551,92174
2020-06-30,209320,455007,79307
2020-07-01,204011,268396,42615
2020-07-02,178918,152895,13812
2020-07-03,204648,202708,59961
2020-07-04,209036,479528,128397
2020-07-05,168853,532420,100440
2020-07-06,205721,541403,122176
2020-07-07,222841,200967,87855
2020-07-08,146685,95092,29290
2020-07-09,167001,156938,12351
2020-07-10,170571,306385,60588
2020-07-11,193818,128490,54592
2020-07-12,242624,92426,33158
2020-07-13,270671,42335,23090
2020-07-14,213881,84364,25706
2020-07-15,127032,47726,4300
2020-07-16,107956,49293,4685
2020-07-17,180141,40791,5166
2020-07-18,216212,16636,18254
2020-07-19,226897,56301,18115
2020-07-20,215316,128260,26447
2020-07-21,237878,121196,36905
2020-07-22,242067,66657,16159
2020-07-23,238937,46209,53784
2020-07-24,183021,207710,39263
2020-07-25,185564,107531,57520
2020-07-26,165992,236147,79421
2020-07-27,200065,155959,79496
2020-07-28,198205,399346,130769
2020-07-29,238254,282454,126329
2020-07-30,259558,93412,45373
2020-07-31,261944,79688,34235
2020-08-01,213471,141314,66627
2020-08-02,117011,98602,31348
2020-08-03,138635,76701,7445
2020-08-04,154656,62636,28516
2020-08-05,251492,143218,88786
2020-08-06,260255,94651,22774
2020-08-07,250792,62709,14600
2020-08-08,241363,52908,6465
2020-08-09,214062,98300,37502
2020-08-10,202978,142819,65290
2020-08-11,217299,223723,87299
2020-08-12,225155,198476,95844
2020-08-13,148753,128223,74072
2020-08-14,142358,53067,25967
2020-08-15,163129,36211,27902
2020-08-16,219943,121131,25456
2020-08-17,150735,91665,9976
2020-08-18,167780,71534,9004
2020-08-19,215008,58420,25694
2020-08-20,194690,149425,54029
2020-08-21,189329,238930,104927
2020-08-22,122650,320298,122885
2020-08-23,159761,370973,81551
2020-08-24,147618,200272,19325
2020-08-25,162804,256121,80506
2020-08-26,140183,824407,97955
2020-08-27,159374,268494,33856
2020-08-28,131684,237025,88604
2020-08-29,123444,158672,39127
2020-08-30,90344,101119,67156
2020-08-31,121783,82120,26490
2020-09-01,131697,69994,17857
2020-09-02,173261,42807,14437
2020-09-03,158747,266979,90232
2020-09-04,156528,202324,77740
2020-09-05,123701,182760,108558
2020-09-06,149486,126911,42182
2020-09-07,182574,98090,60256
2020-09-08,176559,274653,85006
2020-09-09,174693,248049,119107
2020-09-10,164201,87515,37083
2020-09-11,184683,54364,77190
2020-09-12,187815,227359,102907
2020-09-13,197050,166270,107045
2020-09-14,203550,72789,16593
2020-09-15,197296,57251,4237
2020-09-16,162081,171500,83506
2020-09-17,172411,253200,49395
2020-09-18,205156,226143,30950
2020-09-19,193839,198229,50404
2020-09-20,198044,139926,22177
2020-09-21,192068,43900,1412
2020-09-22,177593,30860,5971
2020-09-23,120595,173113,75864
2020-09-24,132670,390486,112879
2020-09-25,65115,246967,65395
2020-09-26,36650,318904,73112
2020-09-27,96856,108265,78260
2020-09-28,111763,56155,17853
2020-09-29,88967,53928,19290
2020-09-30,115781,58239,69794
